tconst	titleType	primaryTitle	originalTitle	isAdult	startYear	endYear	runtimeMinutes	genres
tt4120036	short	The Clothes on Her Back	The Clothes on Her Back	0	2014	\N	14	Drama,Short
tt4120052	short	Happy Birthday	Happy Birthday	0	2010	\N	\N	Short,Thriller
tt4120112	short	Wilsons Desolation	Wilsons Desolation	0	2014	\N	10	Drama,Short
tt4120228	short	5 Guys Every Girl Has Dated in LA	5 Guys Every Girl Has Dated in LA	0	2014	\N	\N	Comedy,Short
tt4120298	short	Mirror	Mirror	0	1970	\N	33	Drama,Short
tt4120426	short	The Night	Geu-nal bam	0	2014	\N	35	Drama,Short
tt4120438	short	How to Be an Actress in LA	How to Be an Actress in LA	0	2014	\N	\N	Comedy,Short
tt4120472	short	World of Plenty	World of Plenty	0	1943	\N	43	Documentary,Short
tt4120476	short	Soja: em nome do progresso	Soja: em nome do progresso	0	2005	\N	40	Documentary,Short
tt4120518	short	Untitled Document	Untitled Document	0	2014	\N	5	Comedy,Short
tt4120534	short	Rhie' 2014	Rhie' 2014	0	2013	\N	\N	Drama,Short
tt4120546	short	Chalcedony: Little Death	Chalcedony: Little Death	0	2014	\N	12	Horror,Music,Short
tt4120558	short	Toma Que O Bandido É Teu	Toma Que O Bandido É Teu	0	2012	\N	10	Comedy,Short
tt4120566	short	Doritos Spec Commercial Got to Be Fast	Doritos Spec Commercial Got to Be Fast	0	2013	\N	\N	Comedy,Short
tt4120622	short	Pen Pal Passion	Pen Pal Passion	1	1979	\N	8	Adult,Short
tt4120628	short	Abyss of Black and Blue	Abyss of Black and Blue	0	2015	\N	\N	Music,Short
tt4120632	short	How to Take a Slutty Selfie	How to Take a Slutty Selfie	0	2013	\N	\N	Comedy,Short
tt4120640	short	Black Hammer	Black Hammer	1	1979	\N	\N	Adult,Short
tt4120654	short	Bill's Big Banana	Bill's Big Banana	1	1979	\N	8	Adult,Short
tt4120658	short	Gratitude	Gratitude	0	2013	\N	\N	Comedy,Short
tt4120668	short	Big Black Fucker	Big Black Fucker	1	1980	\N	\N	Adult,Short
tt4120674	short	A Metamorphosis	A Metamorphosis	0	2015	\N	\N	Drama,Short
tt4120680	short	Harem Service	Harem Service	1	1980	\N	8	Adult,Short
tt4120686	short	Doguda Kaybetmek	Doguda Kaybetmek	0	2014	\N	14	Biography,Comedy,Short
tt4120690	short	Kay Valentine's Day Commercial Parody	Kay Valentine's Day Commercial Parody	0	2014	\N	\N	Comedy,Short
tt4120728	short	The New 2 Live Crew: Hell, Yeah	The New 2 Live Crew: Hell, Yeah	0	1994	\N	\N	Music,Short
tt4120744	short	Best Workout Period	Best Workout Period	0	2014	\N	\N	Comedy,Short
tt4120764	short	The New 2 Live Crew: You Go Girl	The New 2 Live Crew: You Go Girl	0	1994	\N	\N	Music,Short
tt4120798	short	Live from Sochi	Live from Sochi	0	2014	\N	\N	Comedy,Short
tt4120832	short	Death of Seth	Death of Seth	0	2015	\N	\N	Fantasy,Short
tt4120846	short	March Madness: The Next Generation - Squid Knocker	March Madness: The Next Generation - Squid Knocker	0	2014	\N	\N	Comedy,Short
tt4120856	short	When I Look in the Mirror	When I Look in the Mirror	0	2014	\N	5	Documentary,Short
tt4120862	short	Marder	Marder	0	2014	\N	30	Short
tt4120870	short	If Your GPS Could Talk Back	If Your GPS Could Talk Back	0	2014	\N	\N	Comedy,Short
tt4120892	short	Duration of Stay	Duration of Stay	0	2014	\N	8	Sci-Fi,Short
tt4120894	short	Everything Like Always	Everything Like Always	0	2012	\N	3	Music,Short
tt4120938	short	Mr London	Mr London	0	2012	\N	23	Animation,Short
tt4120942	short	Mr. Hornung & Mrs. Møller	Mr. Hornung & Mrs. Møller	0	2014	\N	2	Comedy,Short
tt4120946	short	How to Twerk with Seniors	How to Twerk with Seniors	0	2013	\N	\N	Comedy,Short
tt4120958	short	Mind Chatter	Mind Chatter	0	2014	\N	3	Drama,Short
tt4120968	short	TMI: Mother's Day	TMI: Mother's Day	0	2014	\N	\N	Comedy,Short
tt4120976	short	Alight	Alight	0	2014	\N	\N	Drama,Short
tt4120990	short	Boob Farts	Boob Farts	0	2012	\N	\N	Comedy,Short
tt4120992	short	My World	My World	0	2014	\N	\N	Drama,Short
tt4120994	short	Day Dream	Day Dream	0	2014	\N	4	Drama,Short
tt4121022	short	Voices from the Storm	Voices from the Storm	0	2013	\N	\N	Documentary,Short
tt4121028	short	Charity Bangs the Model Egg Donor	Charity Bangs the Model Egg Donor	0	2012	\N	\N	Comedy,Short
tt4121036	short	Father's Day	Father's Day	0	2014	\N	\N	Comedy,Short
tt4121038	short	À nos absents	À nos absents	0	2001	\N	42	Documentary,Short
tt4121042	short	Death & Life	Death & Life	0	2015	\N	\N	Reality-TV,Short
tt4121052	short	Escaping Reality	Escaping Reality	0	2014	\N	\N	Short
tt4121058	short	How to Get Girls to Like Your Dick Pic	How to Get Girls to Like Your Dick Pic	0	2013	\N	\N	Comedy,Short
tt4121062	short	A7-058	A7-058	0	2013	\N	6	Sci-Fi,Short
tt4121170	short	The Adventures of Ricardo	The Adventures of Ricardo	0	1998	\N	4	Animation,Comedy,Short
tt4121178	short	Through Your Eyes	Through Your Eyes	0	2014	\N	\N	Comedy,Short
tt4121206	short	Troppa televisione fa male ai conigli	Troppa televisione fa male ai conigli	0	2008	\N	4	Crime,Mystery,Short
tt4121214	short	The Pillowman	The Pillowman	0	2014	\N	\N	Crime,Short
tt4121216	short	Zero George Thirty	Zero George Thirty	0	2014	\N	\N	Short
tt4121224	short	Fun and Games	Fun and Games	0	2014	\N	14	Comedy,Crime,Short
tt4121238	short	Cold As Ice	Cold As Ice	0	2012	\N	2	Crime,Short
tt4121240	short	Beat and Buried	Beat and Buried	0	\N	\N	\N	Short
tt4121256	short	Easy Answers	Easy Answers	0	2011	\N	\N	Comedy,Short
tt4121264	short	All In	All In	0	2016	\N	\N	Action,Short
tt4121266	short	Ness Lee	Ness Lee	0	2012	\N	\N	Comedy,Short
tt4121268	short	No One Will Know	No One Will Know	0	\N	\N	\N	Short,Thriller
tt4121288	short	Joining the GR (a Leftovers Parody)	Joining the GR (a Leftovers Parody)	0	2014	\N	\N	Short
tt4121496	short	Bare Romance	Bare Romance	0	2014	\N	31	Drama,Romance,Short
tt4121526	short	Sleight of Heart	Sleight of Heart	0	2013	\N	5	Fantasy,Short
tt4121534	short	Tiemen	Tiemen	0	2014	\N	11	Drama,Short
tt4121552	short	Cold Green Eyes	Cold Green Eyes	0	2014	\N	7	Drama,Short
tt4121558	short	Sacrificial Wax	Sacrificial Wax	0	2014	\N	6	Horror,Short
tt4121580	short	The Night Light Monster	The Night Light Monster	0	2013	\N	9	Animation,Short
tt4121582	short	The Very Scientific System	The Very Scientific System	0	2014	\N	8	Comedy,Romance,Short
tt4121588	short	Shijushichishi no uchi hazama jûjiro	Shijushichishi no uchi hazama jûjiro	0	1911	\N	\N	Short
tt4121600	short	Brandy and Pep	Brandy and Pep	0	2015	\N	14	Drama,Family,Short
tt4121604	short	The Ark Royale	The Ark Royale	0	\N	\N	\N	Sci-Fi,Short,Thriller
tt4121616	short	El enigma del chico croqueta	El enigma del chico croqueta	0	2005	\N	\N	Animation,Short
tt4121618	short	A Magia da Batuta	A Magia da Batuta	0	2014	\N	9	Comedy,Fantasy,Short
tt4121626	short	Lupus Perditus - Der verlorene Wolf	Lupus Perditus - Der verlorene Wolf	0	2015	\N	30	Comedy,Drama,Short
tt4121636	short	Sentidos	Sentidos	0	2014	\N	11	Drama,Sci-Fi,Short
tt4121678	short	Abel	Abel	0	2013	\N	\N	Short,Thriller
tt4121690	short	Water Touch	Water Touch	0	\N	\N	\N	Drama,Short
tt4121704	short	Scams Incorporated	Scams Incorporated	0	2016	\N	11	Comedy,Short
tt4121708	short	The Sacrifice	The Sacrifice	0	2009	\N	\N	Drama,Short
tt4121712	short	Passing Place	Passing Place	0	2014	\N	\N	Drama,Short
tt4121818	short	Shikoku hachijuhakkasho reikenki	Shikoku hachijuhakkasho reikenki	0	1911	\N	\N	Documentary,Short
tt4121820	short	Shimedashi	Shimedashi	0	1911	\N	\N	Short
tt4121824	short	Alihtan	Alihtan	0	2014	\N	5	Adventure,Animation,Short
tt4121832	short	Stalker Awaits	Stalker Awaits	0	2014	\N	6	Comedy,Fantasy,Short
tt4121864	short	Shin hagoromo	Shin hagoromo	0	1911	\N	\N	Short
tt4121868	short	Shin sarayashiki	Shin sarayashiki	0	1911	\N	\N	Horror,Short
tt4121874	short	Shinkoku daidoran	Shinkoku daidoran	0	1911	\N	\N	Short
tt4121880	short	Shio	Shio	0	1911	\N	\N	Short
tt4121886	short	Shira yofu	Shira yofu	0	1911	\N	\N	Short
tt4121890	short	Shiro kikyo	Shiro kikyo	0	1911	\N	\N	Short
tt4121894	short	Shiroto guruma	Shiroto guruma	0	1911	\N	\N	Short
tt4121896	short	Shishaku fujin	Shishaku fujin	0	1911	\N	\N	Short
tt4121898	short	Pubs in Portsmouth	Pubs in Portsmouth	0	2013	\N	20	Short,Talk-Show
tt4121902	short	Shishiyami gusuri	Shishiyami gusuri	0	1911	\N	\N	Short
tt4121908	short	Shojiki wa saigo no shori	Shojiki wa saigo no shori	0	1911	\N	\N	Short
tt4121912	short	Shonen shôjo no boto	Shonen shôjo no boto	0	1911	\N	\N	Documentary,Short
tt4121926	short	Je suis un héros	Je suis un héros	0	2014	\N	3	Action,Comedy,Short
tt4121974	short	Daddy Doll	Daddy Doll	0	2013	\N	25	Documentary,Short
tt4122092	short	The Waiting Room	The Waiting Room	0	2014	\N	8	Short,Thriller
tt4122166	short	Working Stiff	Working Stiff	0	2014	\N	\N	Comedy,Horror,Short
tt4122172	short	Amazon Proof Your Home	Amazon Proof Your Home	0	2012	\N	\N	Comedy,Short
tt4122184	short	The Profligate Door: Borowczyk's Sound Sculptures	The Profligate Door: Borowczyk's Sound Sculptures	0	2014	\N	13	Documentary,Short
tt4122194	short	Café Espantoso	Café Espantoso	0	2014	\N	\N	Short
tt4122196	short	His People	His People	0	2014	\N	\N	Short
tt4122224	short	I, the Memorious	I, the Memorious	0	2014	\N	18	Biography,Fantasy,Mystery
tt4122386	short	The Painting	The Painting	0	2014	\N	\N	Mystery,Short
tt4122420	short	No Terminal!	No Terminal!	0	2003	\N	36	Documentary,Short
tt4122524	short	Yuuki	Yuuki	0	2014	\N	5	Drama,Short
tt4122546	short	Det nye Russland	Det nye Russland	0	2012	\N	30	Documentary,Short
tt4122558	short	Sexual Her-ass-ment 101	Sexual Her-ass-ment 101	0	2011	\N	2	Comedy,Short
tt4122562	short	Plain Vanilla	Plain Vanilla	0	2014	\N	\N	Short,Western
tt4122574	short	Trying Not to Explode	Trying Not to Explode	0	2015	\N	15	Drama,Fantasy,Romance
tt4122576	short	Crisis	Crisis	0	2014	\N	14	Drama,Short
tt4122578	short	Today	Today	0	2014	\N	17	Comedy,Drama,Romance
tt4122580	short	It's History	It's History	0	2014	\N	11	Comedy,Short
tt4122582	short	Nothing Was the Same	Nothing Was the Same	0	2014	\N	12	Drama,Romance,Short
tt4122592	short	No Escape	No Escape	0	2015	\N	22	Drama,Mystery,Short
tt4122596	short	Hasta La Vista	Hasta La Vista	0	2015	\N	23	Comedy,Drama,Short
tt4122598	short	Juniper	Juniper	0	2014	\N	8	Drama,Family,Short
tt4122600	short	Ennui	Ennui	0	2015	\N	15	Comedy,Drama,Fantasy
tt4122602	short	Mamarazzi	Mamarazzi	0	2014	\N	13	Comedy,Short
tt4122604	short	Mt. Molehill	Mt. Molehill	0	2015	\N	17	Adventure,Drama,Short
tt4122608	short	The Hearse	The Hearse	0	\N	\N	28	Comedy,Short
tt4122610	short	Muck	Muck	0	2015	\N	15	Comedy,Drama,Short
tt4122612	short	Proof	Proof	0	2014	\N	16	Horror,Sci-Fi,Short
tt4122614	short	Insomnia	Insomnia	0	2014	\N	5	Drama,Music,Short
tt4122616	short	I'm with Joy	I'm with Joy	0	2015	\N	29	Comedy,Drama,Romance
tt4122618	short	The Escort	The Escort	0	2014	\N	5	Horror,Short
tt4122622	short	When You Call Me That, Smile	When You Call Me That, Smile	0	2014	\N	12	Comedy,Short
tt4122624	short	Out for a Walk	Out for a Walk	0	2015	\N	25	Drama,Family,Short
tt4122626	short	A Real...	A Real...	0	2014	\N	5	Drama,Short
tt4122630	short	Yikes	Yikes	0	2015	\N	12	Comedy,Drama,Fantasy
tt4122632	short	About That	About That	0	2015	\N	16	Drama,Fantasy,Romance
tt4122634	short	Raise the ToyGantic	Raise the ToyGantic	0	2015	\N	27	Comedy,Short
tt4122636	short	Ideal	Ideal	0	2015	\N	13	Horror,Short,Thriller
tt4122640	short	Weed	Weed	0	2015	\N	19	Sci-Fi,Short
tt4122642	short	Murder on the A	Murder on the A	0	2015	\N	17	Crime,Drama,Short
tt4122658	short	Silent Struggles	Silent Struggles	0	2014	\N	\N	Drama,Short
tt4122664	short	Juliet Juliet - The Sound of Love Musical	Juliet Juliet - The Sound of Love Musical	0	2015	\N	15	Comedy,Musical,Short
tt4122694	short	The Experience	The Experience	0	2014	\N	\N	Documentary,Short
tt4122698	short	Shore of the Lake	Shore of the Lake	0	2014	\N	4	Drama,Short
tt4122702	short	Mother's Song	Mother's Song	0	2014	\N	5	Documentary,Drama,Short
tt4122704	short	The Aberrant Set	The Aberrant Set	0	2014	\N	\N	Short
tt4122706	short	Stop the Re-Route Project	Stop the Re-Route Project	0	1999	\N	4	Documentary,Short
tt4122730	short	Wither	Wither	0	2013	\N	4	Drama,Short
tt4122738	short	River Rats	River Rats	0	2014	\N	11	Comedy,Drama,Family
tt4122742	short	Two Forms	Two Forms	0	2014	\N	\N	Mystery,Short
tt4122750	short	V.R.P	V.R.P	0	2011	\N	\N	Drama,Short
tt4122758	short	Greg	Greg	0	2014	\N	7	Short
tt4122762	short	West Papua: The Secret War in Asia	West Papua: The Secret War in Asia	0	2007	\N	16	Documentary,Short
tt4122776	short	Ophelia Goes Floating	Ophelia Goes Floating	0	2015	\N	16	Comedy,Fantasy,Short
tt4122780	short	Wenn Wale Weinen	Wenn Wale Weinen	0	2006	\N	28	Documentary,Short
tt4122798	short	Strawberry Roulette	Strawberry Roulette	0	2014	\N	7	Comedy,Horror,Short
tt4122804	short	Prized Possession	Prized Possession	0	2015	\N	\N	Short
tt4122818	short	Love+Found	Love+Found	0	2012	\N	\N	Fantasy,Short
tt4122826	short	Camarillo St.	Camarillo St.	0	2015	\N	15	Comedy,Drama,Short
tt4122828	short	W. Preston: The Cloak of Art	W. Preston: The Cloak of Art	0	2014	\N	18	Comedy,Short
tt4122836	short	R.P.G.	R.P.G.	0	2016	\N	13	Comedy,Drama,Fantasy
tt4122844	short	Heartmaker	Heartmaker	0	2014	\N	12	Fantasy,Short
tt4122850	short	Saving the Stockman	Saving the Stockman	0	2014	\N	16	Adventure,Documentary,Short
tt4122866	short	Powered by Green Smoothies	Powered By Green Smoothies	0	2014	\N	1	Adventure,Documentary,Short
tt4122872	short	Golf	Golf	0	2014	\N	16	Comedy,Drama,Short
tt4122876	short	Renaldo the Magician	Renaldo the Magician	0	2014	\N	15	Comedy,Short
tt4122886	short	Day One	Day One	0	2015	\N	25	Drama,Short,Thriller
tt4122888	short	Serving Time	Serving Time	0	2014	\N	\N	Drama,Short
tt4122906	short	Half-Baked Plan	Half-Baked Plan	0	2014	\N	\N	Comedy,Short
tt4122910	short	Pint Night	Pint Night	0	2014	\N	7	Comedy,Drama,Short
tt4122922	short	Paper Memories of Charlie Winter	Paper Memories of Charlie Winter	0	2015	\N	10	Comedy,Romance,Short
tt4122942	short	Fog City	Fog City	0	2015	\N	25	Drama,Short,Sport
tt4122954	short	I'm So Happy I Found You	I'm So Happy I Found You	0	2014	\N	12	Horror,Short,Thriller
tt4122964	short	Mona	Mona	0	2015	\N	17	Drama,Short
tt4122966	short	Dear Douchebag	Dear Douchebag	0	2014	\N	4	Comedy,Short
tt4122972	short	How to Get Into Any Party	How to Get Into Any Party	0	\N	\N	10	Comedy,Short
tt4123014	short	On the Movies with Luis and DeSanto	On the Movies with Luis and DeSanto	0	2014	\N	\N	Comedy,Short
tt4123048	short	Double Negative	Double Negative	0	2014	\N	28	Drama,Horror,Short
tt4123054	short	Let There Be Nudity on Instagram	Let There Be Nudity on Instagram	0	2014	\N	\N	Comedy,Short
tt4123104	short	Karachi Stories: Not Out	Karachi Stories: Not Out	0	2014	\N	4	Documentary,Short,Sport
tt4123106	short	Karachi Stories: The Lost Jewish Garden	Karachi Stories: The Lost Jewish Garden	0	2014	\N	4	Biography,Documentary,Short
tt4123110	short	Karachi Stories: Urgent Photo	Karachi Stories: Urgent Photo	0	2014	\N	4	Biography,Documentary,Short
tt4123112	short	Memories	Memories	0	2014	\N	\N	Drama,Short
tt4123124	short	Monsters and Animals	Monsters and Animals	0	2015	\N	10	Comedy,Drama,Horror
tt4123162	short	The Alibi	The Alibi	0	2014	\N	10	Short,Thriller
tt4123178	short	Seven Story Sycamore	Seven Story Sycamore	0	2014	\N	7	Drama,Music,Romance
tt4123186	short	The Outer Darkness	The Outer Darkness	0	2015	\N	25	Horror,Short,Thriller
tt4123188	short	Audition	Audition	0	2013	\N	\N	Short
tt4123196	short	Narciso esperimento II	Narciso esperimento II	0	2005	\N	39	Short
tt4123232	short	The Yellow Valley	The Yellow Valley	0	2014	\N	17	Drama,Romance,Short
tt4123234	short	Delovoe predlozhenie	Delovoe predlozhenie	0	2015	\N	12	Comedy,Drama,Romance
tt4123236	short	The Right Combination	The Right Combination	0	2014	\N	14	Comedy,Drama,Short
tt4123240	short	Craigslist Connection	Craigslist Connection	0	2014	\N	9	Drama,Romance,Short
tt4123268	short	Max Capote Tema 11	Max Capote Tema 11	0	2010	\N	3	Music,Short
tt4123272	short	O elixir da vida	O elixir da vida	0	2014	\N	\N	Short
tt4123274	short	Sunset	Sunset	0	2014	\N	9	Drama,Short
tt4123280	short	The After Party	The After Party	0	2014	\N	8	Comedy,Drama,Romance
tt4123292	short	Dejavu Mi Mejor Momento	Dejavu Mi Mejor Momento	0	2009	\N	3	Music,Short
tt4123294	short	Love Live Radio	Love Live Radio	0	2013	\N	\N	Comedy,Short
tt4123298	short	Like Nobody's Watching	Like Nobody's Watching	0	2010	\N	1	Short
tt4123304	short	Espagnol niveau 1	Espagnol niveau 1	0	2014	\N	22	Comedy,Short
tt4123318	short	Barker	Barker	0	2014	\N	11	Drama,Short
tt4123328	short	Judy Greer Is the Best Friend	Judy Greer Is the Best Friend	0	2014	\N	4	Comedy,Short
tt4123360	short	Packing Fudge	Packing Fudge	0	\N	\N	7	Comedy,Short
tt4123380	short	La mula muerta	La mula muerta	0	2011	\N	13	Drama,Short
tt4123392	short	Amateurs: Art, Science and Idiots	Amateurs: Art, Science and Idiots	0	2014	\N	16	Comedy,Short
tt4123394	short	Exposure	Exposure	0	2014	\N	19	Drama,Mystery,Short
tt4123416	short	Headlight	Headlight	0	2014	\N	4	Short,Thriller
tt4123448	short	The Statistical Analysis of Your Failing Relationship	The Statistical Analysis of Your Failing Relationship	0	2015	\N	18	Comedy,Drama,Romance
tt4123450	short	People Who Don't Know Me	People Who Don't Know Me	0	2016	\N	18	Comedy,Drama,Music
tt4123452	short	Toxuria	Toxuria	0	2014	\N	14	Drama,Short
tt4123454	short	Binge Drinker	Binge Drinker	0	2014	\N	10	Comedy,Drama,Romance
tt4123458	short	La Familia	La Familia	0	2016	\N	13	Comedy,Drama,Family
tt4123464	short	Rickshaw Passenger	Rickshaw Passenger	0	2015	\N	13	Drama,Short
tt4123466	short	False Positive	Fals pozitiv	0	2014	\N	15	Drama,Short
tt4123480	short	Suicidium	Suicidium	0	2014	\N	12	Action,Crime,Drama
tt4123484	short	QUAD X the Untold Story	QUAD X The Untold Story	0	2014	\N	20	Comedy,History,Short
tt4123500	short	Jenni Kayne Winter 2013	Jenni Kayne Winter 2013	0	2013	\N	\N	Short
tt4123508	short	Mayo Girl	Mayo Girl	0	2014	\N	15	Comedy,Romance,Short
tt4123510	short	Sorry Brah	Sorry Brah	0	2014	\N	8	Comedy,Short
tt4123512	short	Mad World	Mad World	0	2014	\N	8	Drama,Family,Short
tt4123514	short	Testimony	Testimony	0	2014	\N	7	Drama,Short
tt4123520	short	Honest Press Conference: Spurs Win 2014 NBA Championship	Honest Press Conference: Spurs Win 2014 NBA Championship	0	2014	\N	\N	Comedy,Short
tt4123522	short	S--LAUGHTER (It's French)	S--LAUGHTER (It's French)	0	2014	\N	9	Drama,Short
tt4123528	short	Je suis ta destinée	Je suis ta destinée	0	2013	\N	\N	Comedy,Short
tt4123554	short	Call of Duty	Call of Duty	0	2015	\N	7	Biography,Comedy,Documentary
tt4123570	short	The Staten Island Fairy	The Staten Island Fairy	0	2014	\N	4	Biography,Comedy,Drama
tt4123572	short	Later Barry	Later Barry	0	2014	\N	9	Comedy,Drama,Romance
tt4123592	short	The Seven Slothly Sins	The Seven Slothly Sins	0	2014	\N	5	Animation,Comedy,Family
tt4123636	short	Falling to Pieces	Falling to Pieces	0	2015	\N	18	Comedy,Drama,Short
tt4123638	short	Zawadi	Zawadi	0	2015	\N	12	Drama,Romance,Short
tt4123642	short	Factory Hands	Factory Hands	0	2016	\N	15	Biography,Drama,History
tt4123644	short	Balloons	Balloons	0	2014	\N	6	Family,Fantasy,Short
tt4123664	short	Out of Place	Out of Place	0	2017	\N	13	Drama,Mystery,Short
tt4123672	short	Myers	Myers	0	2012	\N	14	Horror,Short
tt4123680	short	Red Wolf	Red Wolf	0	2014	\N	\N	Short
tt4123688	short	Fall TV Preview	Fall TV Preview	0	2014	\N	\N	Comedy,Short
tt4123692	short	Kisstory	Kisstory	0	2014	\N	22	Comedy,Drama,Romance
tt4123704	short	Rusty	Rusty	0	2012	\N	\N	Drama,Short
tt4123736	short	Computer Friends [Stack the Memory]	Computer Friends [Stack the Memory]	0	2008	\N	5	Comedy,Short
tt4123784	short	Little Red and the Woolfe	Little Red and the Woolfe	0	2014	\N	25	Drama,Family,Short
tt4123802	short	The Keeper	The Keeper	0	2014	\N	5	Horror,Short
tt4123808	short	In Black and White	In Black and White	0	2014	\N	6	Drama,Short
tt4123812	short	Andante	Andante	0	2014	\N	11	Adventure,Documentary,Music
tt4123818	short	Wrong Doing	Wrong Doing	0	2014	\N	30	Music,Short
tt4123820	short	Chocolate Shoppe	Chocolate Shoppe	0	2010	\N	6	Comedy,Short
tt4123822	short	Miss Earth	Miss Earth	0	2014	\N	13	Sci-Fi,Short
tt4123826	short	De dag dat alles anders was	De dag dat alles anders was	0	2014	\N	\N	Comedy,Drama,Short
tt4123840	short	The Beauty That I Saw	The Beauty That I Saw	0	2014	\N	43	Documentary,Family,History
tt4123842	short	Keep It on the Cheap	Keep It on the Cheap	0	2011	\N	6	Comedy,Short
tt4123850	short	Barbara	Barbara	0	2014	\N	17	Crime,Mystery,Short
tt4123856	short	Britney's Lambo	Britney's Lambo	0	2012	\N	4	Musical,Short
tt4123918	short	Dragons Lost	Dragons Lost	0	\N	\N	\N	Fantasy,Short
tt4124060	short	Living on Empty	Living on Empty	0	2012	\N	\N	Drama,Short
tt4124070	short	Wrong Guys for the Job	Wrong Guys for the Job	0	2010	\N	3	Comedy,Short
tt4124134	short	Home - An Animated Short by Arjun Chatterjee	Home - An Animated Short by Arjun Chatterjee	0	2013	\N	5	Adventure,Animation,Comedy
tt4124178	short	Life, Perfected	Life, Perfected	0	2014	\N	8	Sci-Fi,Short
tt4124278	short	Wake Up	Wake Up	0	2014	\N	\N	Adventure,Short
tt4124728	short	Jayebli Salam	Jayebli Salam	0	2012	\N	\N	Action,Short
tt4124778	short	Four Frames	Four Frames	0	2014	\N	9	Comedy,Drama,Romance
tt4124804	short	The Wrong Place	The Wrong Place	0	2014	\N	\N	Drama,Short
tt4124810	short	Ghi Ghoo	Ghi Ghoo	0	2012	\N	12	Short
tt4124812	short	El hijo del Rio	El hijo del Rio	0	2014	\N	\N	Horror,Short
tt4124824	short	Tape 211	Tape 211	0	2010	\N	15	Horror,Short
tt4124844	short	Padmini My Love	Padmini My Love	0	2014	\N	20	Documentary,Short
tt4124846	short	Shôrô mori	Shôrô mori	0	1911	\N	\N	Short
tt4124848	short	Same Result - Drink Driving Advert	Same Result - Drink Driving Advert	0	2010	\N	1	Short
tt4124852	short	Shototsu	Shototsu	0	1911	\N	\N	Short
tt4124854	short	Shûnen no hebi	Shûnen no hebi	0	1911	\N	\N	Drama,Short
tt4124858	short	Regrets	Regrets	0	2010	\N	7	Drama,Short
tt4124860	short	Sokogura no yu	Sokogura no yu	0	1911	\N	\N	Short
tt4124862	short	Sômatô	Sômatô	0	1911	\N	\N	Short
tt4124870	short	Sute kobune	Sute kobune	0	1911	\N	\N	Short
tt4124872	short	Sutego	Sutego	0	1911	\N	\N	Short
tt4124874	short	Dandelion Fly	Dandelion Fly	0	2013	\N	\N	Short
tt4124876	short	Agoraphobia	Agoraphobia	0	2010	\N	\N	Short
tt4124878	short	Suzaki no tsunami	Suzaki no tsunami	0	1911	\N	\N	Documentary,Short
tt4124884	short	Suzuki mondô	Suzuki mondô	0	1911	\N	\N	Short
tt4124920	short	Taihai ranshusen no tsuwamono	Taihai ranshusen no tsuwamono	0	1911	\N	\N	Short
tt4124932	short	Edge of Summer	Edge of Summer	0	2014	\N	7	Short
tt4124934	short	Tamamono mae sandan	Tamamono mae sandan	0	1911	\N	\N	Short
tt4124938	short	Submission	Submission	0	2010	\N	10	Comedy,Short
tt4124942	short	Tamashii no yadokae	Tamashii no yadokae	0	1911	\N	\N	Drama,Short
tt4124966	short	Libia Freedom Mia Mia	Libia Freedom Mia Mia	0	2011	\N	26	Documentary,Short
tt4125028	short	The Acres	The Acres	0	2014	\N	6	Horror,Short
tt4125078	short	Diszfunkció	Diszfunkció	0	2014	\N	\N	Drama,Short
tt4125140	short	LB vs AR	LB vs AR	0	2015	\N	16	Action,Comedy,Sci-Fi
tt4125188	short	The Dog Whisperer	The Dog Whisperer	0	2014	\N	10	Comedy,Short
tt4125192	short	Please Advise	Please Advise	0	2014	\N	10	Sci-Fi,Short
tt4125198	short	Sock	Sock	0	2014	\N	5	Comedy,Short
tt4125212	short	Body Text: Our Bones	Corpo do Texto: Nossos Ossos	0	2013	\N	5	Crime,Romance,Short
tt4125228	short	Je suis silencieuse	Je suis silencieuse	0	2014	\N	3	Fantasy,Romance,Short
tt4125240	short	God Will Fall	God Will Fall	0	2014	\N	37	Horror,Short
tt4125252	short	Frühling in Rauris	Frühling in Rauris	0	2014	\N	44	Documentary,Short
tt4125270	short	Breath	Breath	0	2012	\N	\N	Drama,Short
tt4125278	short	A Promise	A Promise	0	2014	\N	7	Drama,Short
tt4125290	short	5 Rupees	5 Rupees	0	2014	\N	5	Drama,Family,Short
tt4125310	short	Hello Kitty: Pomme Party	Hello Kitty: Pomme Party	0	2014	\N	3	Animation,Short
tt4125326	short	High Tide	High Tide	0	2014	\N	11	Drama,Short
tt4125338	short	The Lobotomy	The Lobotomy	0	1980	\N	8	Short
tt4125348	short	A Christmas Album	A Christmas Album	0	1981	\N	\N	Short
tt4125352	short	[A]symétrie	[A]symétrie	0	2016	\N	29	Short,Thriller
tt4125366	short	Falling Stars	Falling Stars	0	2019	\N	10	Fantasy,Short
tt4125370	short	Inside Extra	Inside Extra	0	\N	\N	\N	Comedy,Short
tt4125412	short	Silent Night	Silent Night	0	2014	\N	20	Drama,Short
tt4125436	short	María 95	María 95	0	2015	\N	14	Biography,Documentary,Drama
tt4125540	short	Stress	Stress	0	2014	\N	9	Drama,Short,Thriller
tt4125544	short	Disoriented	Disoriented	0	2014	\N	17	Comedy,Short
tt4125586	short	Girl and Suitcase	Girl and Suitcase	0	2014	\N	5	Comedy,Short
tt4125610	short	Multiverse	Multiverse	0	2014	\N	26	Sci-Fi,Short
tt4125622	short	Plano/Contraplano	Plano/Contraplano	0	2014	\N	\N	Comedy,Short
tt4125626	short	All Things Being Equal	All Things Being Equal	0	2014	\N	5	Drama,Short
tt4125628	short	Devil's Wave	Devil's Wave	0	2015	\N	5	Horror,Short
tt4125642	short	Graven	Graven	0	2014	\N	1	Horror,Short
tt4125646	short	Inevitable	Inevitable	0	\N	\N	\N	Drama,Short
tt4125656	short	The Hunting	The Hunting	0	2015	\N	\N	Action,Short,Thriller
tt4125666	short	Superspecial	Superspecial	0	2014	\N	4	Drama,Fantasy,Short
tt4125674	short	Sansui, Landschaft	Sansui, Landschaft	0	2014	\N	27	Documentary,Short
tt4125678	short	Friends of Firefighters	Friends of Firefighters	0	2014	\N	5	Short
tt4125682	short	Lost Cause	Lost Cause	0	2015	\N	15	Drama,Romance,Short
tt4125690	short	The Nether	The Nether	0	2014	\N	12	Fantasy,Horror,Sci-Fi
tt4125700	short	Münchener Oktoberfest	Münchener Oktoberfest	0	1938	\N	12	Comedy,Documentary,Romance
tt4125704	short	The Authority: A short Glimpse	The Authority: A short Glimpse	0	\N	\N	15	Drama,Mystery,Short
tt4125726	short	Imagined Warfare	Imagined Warfare	0	2014	\N	21	Action,Adventure,Fantasy
tt4125730	short	Bananas	Bananas	0	2014	\N	13	Adventure,Comedy,Short
tt4125736	short	Ephemera	Ephemera	0	2014	\N	1	Drama,Romance,Short
tt4125738	short	Kept	Kept	0	2014	\N	14	Drama,Mystery,Romance
tt4125740	short	Pama	Pama	0	2014	\N	10	Biography,Documentary,History
tt4125742	short	A Date with Your Family	A Date with Your Family	0	2014	\N	3	Biography,Short
tt4125744	short	The Golden Record	The Golden Record	0	2014	\N	11	Drama,Short
tt4125746	short	El Dorado	El Dorado	0	2014	\N	17	Crime,Fantasy,Mystery
tt4125748	short	Four Fingers Before the Sun Sets	Four Fingers Before The Sun Sets	0	2014	\N	9	Drama,Romance,Short
tt4125750	short	Because Penises	Because Penises	0	\N	\N	15	Comedy,Drama,Short
tt4125752	short	Missed Call	Missed Call	0	2015	\N	10	Drama,Romance,Short
tt4125754	short	Space Cadets	Space Cadets	0	2014	\N	17	Comedy,Family,Short
tt4125758	short	Nellie	Nellie	0	2014	\N	24	Crime,Drama,Short
tt4125760	short	Tomgirl	Tomgirl	0	2015	\N	14	Documentary,Drama,Short
tt4125762	short	After Hours	After Hours	0	\N	\N	35	Comedy,Drama,Family
tt4125766	short	N64Q: Born Free	N64Q: Born Free	0	2014	\N	12	Documentary,Drama,Sci-Fi
tt4125768	short	Stealth Mode	Stealth Mode	0	2014	\N	24	Comedy,Short
tt4125770	short	Fever	Fever	0	2016	\N	21	Drama,Short,Thriller
tt4125772	short	Detroit Lights	Detroit Lights	0	2014	\N	9	Drama,Short,Thriller
tt4125774	short	Poet Anderson: The Dream Walker	Poet Anderson: The Dream Walker	0	2014	\N	15	Adventure,Animation,Music
tt4125776	short	Paris Love Conspiracy	Paris Love Conspiracy	0	2015	\N	24	Comedy,Drama,Short
tt4125778	short	Blitz	Blitz	0	2015	\N	9	Comedy,Drama,Family
tt4125784	short	Making Eyes	Making Eyes	0	2014	\N	14	Comedy,Drama,Romance
tt4125786	short	Pact	Pact	0	2015	\N	9	Drama,Sci-Fi,Short
tt4125788	short	Test Pattern	Test Pattern	0	2013	\N	8	News,Short,War
tt4125794	short	Cor Childe	Cor Childe	0	2014	\N	10	Drama,Fantasy,Mystery
tt4125796	short	Nostalgia	Nostalgia	0	2014	\N	19	Drama,Short
tt4125812	short	Los Mangeles	Los Mangeles	0	2014	\N	9	Comedy,Short
tt4125814	short	Seek	Seek	0	2015	\N	7	Comedy,Drama,Romance
tt4125816	short	The Collection	The Collection	0	2014	\N	17	Adventure,Drama,Family
tt4125818	short	Blank	Blank	0	2016	\N	10	Mystery,Short,Thriller
tt4125820	short	Weathered Storms	Weathered Storms	0	2014	\N	14	Drama,Short
tt4125822	short	Nowhere Else to Go	Nowhere Else to Go	0	2014	\N	37	Documentary,News,Short
tt4125824	short	Throwing Cotton	Throwing Cotton	0	2014	\N	16	Drama,Short
tt4125826	short	Frightening Nature	Frightening Nature	0	2014	\N	8	Drama,Horror,Short
tt4125830	short	Into the Gray	Into the Gray	0	2014	\N	17	Drama,Fantasy,Sci-Fi
tt4125832	short	The Terms of Service	The Terms of Service	0	2015	\N	11	Comedy,Crime,Mystery
tt4125834	short	Sisyphus' Supper	Sisyphus' Supper	0	2014	\N	14	Drama,Short
tt4125836	short	Just a Glove	Just a Glove	0	2014	\N	10	Drama,Short,Sport
tt4125842	short	Rosemary's War in Britain	Rosemary's War in Britain	0	2014	\N	\N	Documentary,Short
tt4125844	short	The Events at Mr. Yamamoto's Alpine Residence	The Events at Mr. Yamamoto's Alpine Residence	0	2015	\N	10	Sci-Fi,Short
tt4125858	short	Sigo Adelante	Sigo Adelante	0	2014	\N	9	Documentary,Family,Short
tt4125868	short	Amber May: The Voice of Your Business	Amber May: The Voice of Your Business	0	2014	\N	\N	Biography,Short
tt4125874	short	Knit a Kat	Knit a Kat	0	2014	\N	7	Comedy,Short
tt4125902	short	TSA America: Suspicious Bulges	TSA America: Suspicious Bulges	0	2014	\N	6	Comedy,Short
tt4125910	short	The Scientist	The Scientist	0	2015	\N	12	Drama,Mystery,Short
tt4125916	short	Dust to Dust	Dust to Dust	0	2013	\N	5	Sci-Fi,Short
tt4125922	short	No Service	No Service	0	2014	\N	\N	Sci-Fi,Short
tt4125932	short	Embers	Embers	0	2014	\N	\N	Drama,Short
tt4125934	short	Larisa can fly	Larisa can fly	0	2014	\N	7	Animation,Family,Short
tt4125936	short	The Boogeys	The Boogeys	0	2017	\N	15	Action,Drama,Sci-Fi
tt4125940	short	Child of War	Child of War	0	2014	\N	10	Drama,Sci-Fi,Short
tt4125960	short	Spoon	Spoon	0	2014	\N	4	Animation,Fantasy,Short
tt4125988	short	Bent Record	Bent Record	0	2014	\N	4	Comedy,Short
tt4125992	short	Portrait of a Sister	Portrait of a Sister	0	2017	\N	11	Drama,Family,Romance
tt4125994	short	The Dark Comes Quick	The Dark Comes Quick	0	2014	\N	15	Action,Adventure,Horror
tt4125996	short	Together We Fall	Together We Fall	0	2014	\N	5	Drama,Romance,Short
tt4126000	short	Unmistaken	Unmistaken	0	2015	\N	8	Action,Drama,Short
tt4126008	short	Embers	Embers	0	2014	\N	9	Drama,Short
tt4126010	short	Windsor 3:10	Windsor 3:10	0	2014	\N	3	Animation,Drama,Short
tt4126014	short	Strike!	Strike!	0	2015	\N	11	Comedy,Family,Short
tt4126016	short	The Visitors	The Visitors	0	2014	\N	1	Animation,Comedy,Short
tt4126020	short	Stuck	Stuck	0	2015	\N	12	Comedy,Drama,Romance
tt4126022	short	Citizen Vader	Citizen Vader	0	2014	\N	5	Comedy,Sci-Fi,Short
tt4126024	short	One Giant Leap	One Giant Leap	0	2014	\N	11	Short
tt4126046	short	Hush	Hush	0	2015	\N	6	Horror,Short
tt4126058	short	Rehtorb's Power	Rehtorb's Power	0	2014	\N	5	Drama,Family,Fantasy
tt4126064	short	Awaken	Awaken	0	2014	\N	19	Fantasy,Sci-Fi,Short
tt4126066	short	Manta: SeaWorld San Diego	Manta: SeaWorld San Diego	0	2012	\N	\N	Animation,Short
tt4126072	short	Rencontre avec Joseph Morder à la boutique Potemkine pour la ressortie en DVD de El Cantor	Rencontre avec Joseph Morder à la boutique Potemkine pour la ressortie en DVD de El Cantor	0	2014	\N	30	Documentary,Short
tt4126076	short	Scumbag Millionaire	Scumbag Millionaire	0	2011	\N	19	Crime,Short
tt4126088	short	Emory	Emory	0	2014	\N	8	Drama,Short
tt4126090	short	Tourist	Tourist	0	2014	\N	8	Crime,Drama,Short
tt4126094	short	Supreme Court: No Girls Allowed	Supreme Court: No Girls Allowed	0	2014	\N	\N	Comedy,Short
tt4126098	short	Putting the Ribbon Back On	Putting the Ribbon Back On	0	2015	\N	20	Documentary,Drama,Family
tt4126114	short	The Call	The Call	0	2015	\N	11	Drama,Short
tt4126122	short	14 Million Screams	14 Million Screams	0	2014	\N	5	Drama,Short
tt4126130	short	September 12th: The Day After and Forever	September 12th: The Day After and Forever	0	\N	\N	\N	Short
tt4126194	short	National Forest	National Forest	0	2015	\N	6	Comedy,Documentary,Drama
tt4126202	short	Anything But a Soldier	Anything But a Soldier	0	2014	\N	\N	Drama,Short
tt4126204	short	Sugarhill	Sugarhill	0	2014	\N	9	Biography,History,Music
tt4126206	short	Nights	Nights	0	2014	\N	35	Drama,Romance,Short
tt4126240	short	Wishmaker	Wishmaker	0	2011	\N	\N	Horror,Short
tt4126264	short	Padharo India (Welcome to India)	Padharo India (Welcome to India)	0	2013	\N	26	Drama,News,Short
tt4126278	short	Death Rose	Death Rose	0	2014	\N	10	Crime,Drama,Mystery
tt4126284	short	You Are Here!	You Are Here!	0	2014	\N	\N	Comedy,Short
tt4126298	short	Before the Dawn	Before the Dawn	0	2006	\N	15	Horror,Short
tt4126302	short	Mischief Games	Mischief Games	0	2014	\N	\N	Short,Thriller
tt4126328	short	Eye Spy	Eye Spy	0	2008	\N	2	Horror,Short
tt4126332	short	Auf Ewig Dein	Auf Ewig Dein	0	2014	\N	17	Comedy,Drama,Horror
tt4126344	short	Sylvia	Sylvia	0	2014	\N	10	Biography,Crime,Documentary
tt4126356	short	West	West	0	2008	\N	15	Horror,Short
tt4126386	short	Jobless Anonymous	Jobless Anonymous	0	2014	\N	22	Biography,Documentary,Short
tt4126388	short	The Boy	The Boy	0	2015	\N	8	Drama,Horror,Short
tt4126414	short	Ain't No Different	Ain't No Different	0	2014	\N	5	Short
tt4126430	short	You're Welcome: Comic Con Preview	You're Welcome: Comic Con Preview	0	2014	\N	\N	Comedy,Short
tt4126448	short	Panic	Panic	0	2014	\N	11	Drama,Fantasy,Short
tt4126474	short	Unknown Destination	Unknown Destination	0	2014	\N	39	Biography,Documentary,History
tt4126496	short	Keep Me Safe	Keep Me Safe	0	2014	\N	15	Documentary,Drama,Short
tt4126498	short	Superkid	Superkid	0	2016	\N	18	Comedy,Drama,Short
tt4126524	short	TransMilitary	TransMilitary	0	2015	\N	28	Documentary,News,Short
tt4126526	short	Boomslang	Boomslang	0	2014	\N	4	Action,Horror,Short
tt4126542	short	An End to All Good Things	An End to All Good Things	0	2014	\N	31	Drama,Short
tt4126552	short	The Woods	The Woods	0	2012	\N	7	Horror,Short
tt4126564	short	America's Death Penalty	America's Death Penalty	0	2014	\N	\N	Documentary,Short
tt4126570	short	Addicted to You	Addicted to You	0	2013	\N	\N	Comedy,Short
tt4126578	short	Bumbleicious	Bumbleicious	0	2014	\N	\N	Drama,Short
tt4126588	short	Close Shave	Close Shave	0	2014	\N	10	Drama,Short
tt4126594	short	Anything I Can Do	Anything I Can Do	0	2012	\N	\N	Drama,Short
tt4126598	short	Gentrified	Gentrified	0	2010	\N	6	Short
tt4126604	short	The Gift	The Gift	0	2014	\N	8	Drama,Romance,Short
tt4126616	short	The Mundane Goddess	The Mundane Goddess	0	2014	\N	10	Comedy,Short
tt4126632	short	Day One	Day One	0	2011	\N	\N	Drama,Short
tt4126662	short	Una cuestión de etiqueta	Una cuestión de etiqueta	0	2014	\N	3	Comedy,Short
tt4126678	short	The Lost Client	The Lost Client	0	2014	\N	15	Animation,Drama,Mystery
tt4126702	short	O Nadador: A História de Tetsuo Okamoto	O Nadador: A História de Tetsuo Okamoto	0	2014	\N	\N	Documentary,Short
tt4126710	short	Drivver's Ed	Drivver's Ed	0	2014	\N	\N	Comedy,Short
tt4126728	short	Travelling Doctor	Travelling Doctor	0	2011	\N	1	Short
tt4126736	short	Göge Duranlar	Göge Duranlar	0	2014	\N	7	Drama,Short
tt4126748	short	Ray Rice: A KTD News Special Report	Ray Rice: A KTD News Special Report	0	2014	\N	\N	Short
tt4126750	short	Before Hazel	Before Hazel	0	2015	\N	\N	Comedy,Short
tt4126770	short	Scars Below	Scars Below	0	2014	\N	\N	Comedy,Drama,Short
tt4126780	short	Fat Gandhi	Fat Gandhi	0	2014	\N	\N	Comedy,Short
tt4126810	short	Inherited	Inherited	0	2014	\N	10	Drama,Short
tt4126880	short	Broken Down	Broken Down	0	2013	\N	6	Romance,Short
tt4126884	short	A Glimpse of Death	A Glimpse of Death	0	2014	\N	9	Drama,Short
tt4126902	short	The Rag Man	The Rag Man	0	2014	\N	\N	Adventure,Short
tt4126904	short	Cynical Liv	Cynical Liv	0	2014	\N	12	Animation,Comedy,Short
tt4126932	short	Limanakia	Limanakia	0	2014	\N	11	Short
tt4126938	short	A Day Short	A Day Short	0	2014	\N	8	Crime,Drama,Mystery
tt4127108	short	Driving Test	Driving Test	0	2010	\N	\N	Short
tt4127118	short	Sovereign's Water	Sovereign's Water	0	2015	\N	17	Documentary,Drama,Short
tt4127132	short	Cabin	Cabin	0	2014	\N	\N	Short
tt4127134	short	Mystery Man	Mystery Man	0	2015	\N	\N	Mystery,Short
tt4127136	short	Freak	Freak	0	2014	\N	\N	Horror,Short
tt4127138	short	Ambition	Ambition	0	2014	\N	7	History,Mystery,Sci-Fi
tt4127144	short	Köpek	Köpek	0	2007	\N	2	Drama,Short
tt4127150	short	Estrella	Estrella	0	2014	\N	3	Drama,Short
tt4127152	short	Swim	Swim	0	1995	\N	1	Drama,Short
tt4127154	short	Yard	Yard	0	1995	\N	1	Drama,Short
tt4127180	short	Stariflest	Stariflest	0	1995	\N	\N	Sci-Fi,Short
tt4127212	short	Newbury: Wars of the British Tree People	Newbury: Wars of the British Tree People	0	1996	\N	42	Documentary,Short
tt4127282	short	Japan: Miracle in Asia	Japan: Miracle in Asia	0	1963	\N	\N	Documentary,Short
tt4127286	short	Japanese Boy: The Story of Taro	Japanese Boy: The Story of Taro	0	1963	\N	\N	Documentary,Short
tt4127298	short	Forest Cycle	Forest Cycle	0	2002	\N	8	Documentary,Short
tt4127400	short	Ten No Ami	Ten No Ami	0	1911	\N	\N	Short
tt4127406	short	Tenka no taro	Tenka no taro	0	1911	\N	\N	Short
tt4127458	short	Sweet Dreams	Sweet Dreams	0	2013	\N	\N	Drama,Short
tt4127498	short	TapeMe	TapeMe	0	2011	\N	35	Drama,Short
tt4127506	short	Freedom of Expression	Freedom of Expression	0	2014	\N	23	Drama,Sci-Fi,Short
tt4127524	short	Wisconsin Women: Brewers and Growers	Wisconsin Women: Brewers and Growers	0	2014	\N	14	Biography,Documentary,Short
tt4127526	short	Cold Son	Cold Son	0	2014	\N	32	Drama,Short
tt4127560	short	Reborn	Reborn	0	2016	\N	26	Short,Thriller
tt4127576	short	Parfois, mon corps me trahit.	Parfois, mon corps me trahit.	0	2014	\N	4	Short
tt4127598	short	HY Saga	HY Saga	0	2014	\N	3	Sci-Fi,Short
tt4127614	short	Gevangen in een Droom	Gevangen in een Droom	0	2014	\N	7	Comedy,Short
tt4127632	short	The Wet Nurse and Her Diabolical Concerns	The Wet Nurse and Her Diabolical Concerns	0	2014	\N	10	Short
tt4127648	short	Les coudes pointus	Les coudes pointus	0	1966	\N	19	Comedy,Short
tt4127652	short	Surviving Together: Growing the Future	Surviving Together: Growing the Future	0	2009	\N	7	Documentary,Short
tt4127656	short	Defragment	Defragment	0	2013	\N	\N	Short
tt4127662	short	Konec vodniku v Ceskoslovensku	Konec vodniku v Ceskoslovensku	0	2014	\N	8	Comedy,Short
tt4127666	short	The Human Syndrome	The Human Syndrome	0	2014	\N	\N	Action,Short
tt4127670	short	L'acte ou l'autobus 1218	L'acte ou l'autobus 1218	0	1971	\N	18	Fantasy,Short
tt4127676	short	TSA America: Yeah, But Is It Ticking?	TSA America: Yeah, But Is It Ticking?	0	2014	\N	6	Comedy,Short
tt4127680	short	The Return of the Karmapa	The Return of the Karmapa	0	1994	\N	\N	Documentary,Short
tt4127688	short	Kattanum Paalum	Kattanum Paalum	0	2014	\N	12	Comedy,Drama,Short
tt4127702	short	The Night Before	The Night Before	0	2014	\N	11	Drama,Short,Thriller
tt4127800	short	Sobreático 3ª	Sobreático 3ª	0	2017	\N	\N	Comedy,Horror,Sci-Fi
tt4127840	short	Becoming Evil: How to Be Michael Myers	Becoming Evil: How to Be Michael Myers	0	2011	\N	8	Horror,Short
tt4128096	short	Return	Return	0	2014	\N	5	Drama,Short
tt4128104	short	Flash Back 3D 2	Flash Back 3D 2	0	2014	\N	15	Animation,Short
tt4128110	short	Bitter Thing	Bitter Thing	0	2015	\N	18	Drama,Short
tt4128118	short	Blue Signal	Blue Signal	0	2014	\N	9	Drama,Mystery,Short
tt4128120	short	Bygone	Bygone	0	2014	\N	5	Animation,Drama,History
tt4128132	short	TSA America: Just Relax	TSA America: Just Relax	0	2013	\N	8	Comedy,Short
tt4128138	short	In the Dead of Night	In the Dead of Night	0	2013	\N	12	Action,Short
tt4128140	short	Sleep	Sleep	0	2014	\N	9	Drama,Short
tt4128152	short	Fated Echoes	Fated Echoes	0	2014	\N	8	Drama,Short
tt4128156	short	Seth's Dominion	Seth's Dominion	0	2014	\N	42	Biography,Documentary,Short
tt4128158	short	Omnicard	Omnicard	0	2015	\N	\N	Comedy,Short
tt4128160	short	Rage	Rage	0	2014	\N	11	Action,Short
tt4128166	short	As I Am	As I Am	0	2014	\N	14	Drama,Family,Short
tt4128184	short	The Neighborhood	The Neighborhood	0	2014	\N	14	Drama,Short
tt4128198	short	I Saw the Dead	I Saw the Dead	0	2014	\N	\N	Mystery,Short
tt4128202	short	Cumulus	Cumulus	0	2014	\N	12	Biography,Documentary,Music
tt4128210	short	Happy on the Inside	Happy on the Inside	0	2014	\N	\N	Drama,Short
tt4128238	short	Goranger: Movie 2 - The Blue Fortress	Goranger: Movie 2 - The Blue Fortress	0	1975	\N	\N	Action,Adventure,Short
tt4128258	short	The Grave Ones	The Grave Ones	0	2014	\N	9	Horror,Short
tt4128274	short	Go Ranger: The Red Death March	Go Ranger: The Red Death March	0	1976	\N	\N	Action,Adventure,Sci-Fi
tt4128282	short	Go Ranger: The Hurrican	Go Ranger: The Hurrican	0	1976	\N	\N	Action,Adventure,Sci-Fi
tt4128302	short	A látogató	A látogató	0	2013	\N	28	Comedy,Short
tt4128304	short	Cinematon #2278 Bernhard Marsch	Cinematon #2278 Bernhard Marsch	0	2014	\N	3	Documentary,Short
tt4128314	short	Cinematon #2280 Ruth Minola Scheibler	Cinematon #2280 Ruth Minola Scheibler	0	2014	\N	3	Documentary,Short
tt4128316	short	Cinematon #2285 Andreas Menn	Cinematon #2285 Andreas Menn	0	2014	\N	3	Documentary,Short
tt4128320	short	Animus	Animus	0	2014	\N	20	Drama,Sci-Fi,Short
tt4128326	short	Cinematon #2218 Corinne Wasmuht	Cinematon #2218 Corinne Wasmuht	0	2011	\N	3	Documentary,Short
tt4128330	short	Cinematon #2212 Erika Rabau	Cinematon #2212 Erika Rabau	0	2011	\N	3	Documentary,Short
tt4128342	short	Cinematon #2222 John Callaghan	Cinematon #2222 John Callaghan	0	2011	\N	3	Documentary,Short
tt4128350	short	Por Entre as Eras	Por Entre as Eras	0	2017	\N	9	Short
tt4128384	short	The Taking of Ezra Bodine	The Taking of Ezra Bodine	0	2015	\N	10	Drama,Short,Thriller
tt4128386	short	Fresh Kid Ice: I Wanna Dance Yall	Fresh Kid Ice: I Wanna Dance Yall	0	2000	\N	\N	Music,Short
tt4128390	short	East Street	East Street	0	2014	\N	8	Drama,Short
tt4128392	short	Babushka	Babushka	0	1996	\N	22	Drama,Short
tt4128396	short	Variant	Variant	0	2014	\N	11	Drama,Short
tt4128418	short	Jég alatt	Jég alatt	0	2014	\N	28	Drama,Short
tt4128428	short	For Devil's Sake: Owls of Sri Lanka	For Devil's Sake: Owls of Sri Lanka	0	2014	\N	19	Documentary,Family,Short
tt4128454	short	The Photographer	The Photographer	0	1995	\N	10	Short
tt4128478	short	By the Dashboard Light - Promotional Featurette	By the Dashboard Light - Promotional Featurette	0	2015	\N	\N	Comedy,Short
tt4128550	short	The Gathering	The Gathering	0	2012	\N	\N	Drama,Short
tt4128556	short	Spinning Down the Derwent	Spinning Down the Derwent	0	2006	\N	\N	Short
tt4128558	short	Tempted	Tempted	0	2015	\N	\N	Fantasy,Romance,Short
tt4128588	short	New Life	New Life	0	2009	\N	5	Comedy,Short
tt4128590	short	Start Anew?: On the Campaign Trail with Beady Eye	Start Anew?: On the Campaign Trail with Beady Eye	0	2013	\N	27	Documentary,Music,Short
tt4128594	short	Man Gogh	Man Gogh	0	2014	\N	12	Comedy,Short
tt4128600	short	The Pledge	The Pledge	0	2001	\N	12	Horror,Short
tt4128612	short	The Thing Under the Bed	The Thing Under the Bed	0	2012	\N	\N	Horror,Short
tt4128634	short	Bloody Mary	Bloody Mary	0	2001	\N	\N	Horror,Short
tt4128650	short	Malleus Maleficarum	Malleus Maleficarum	0	2014	\N	17	Horror,Short
tt4128656	short	Bohemian Robot	Bohemian Robot	0	2008	\N	3	Music,Short
tt4128658	short	Or Best Offer	Or Best Offer	0	2014	\N	\N	Comedy,Short
tt4128674	short	Foul Play	Foul Play	0	2014	\N	2	Comedy,Short
tt4128676	short	Waiting for a Cab	Waiting for a Cab	0	\N	\N	\N	Mystery,Short
tt4128678	short	Martha	Martha	0	2012	\N	12	Drama,Short
tt4128698	short	Drain-O-Way	Drain-O-Way	0	2014	\N	35	Action,Drama,Fantasy
tt4128704	short	Brotherly Love	Brotherly Love	0	2014	\N	\N	Drama,Short
tt4128724	short	The Big Green	The Big Green	0	2014	\N	32	Comedy,Documentary,Short
tt4128742	short	Hine- Ahu-One	Hine- Ahu-One	0	2014	\N	\N	Short
tt4128744	short	Regrets	Regrets	0	2012	\N	10	Drama,Short
tt4128746	short	Where Is My Golden Arm?	Where Is My Golden Arm?	0	2015	\N	19	Short,Thriller
tt4128862	short	A Shrink and His Demon	A Shrink and His Demon	0	2014	\N	\N	Horror,Short
tt4128900	short	Jerry: A Scene Study	Jerry: A Scene Study	0	2013	\N	10	Drama,Short
tt4128940	short	Demon Garden	Demon Garden	0	2015	\N	12	Animation,Fantasy,Horror
tt4128954	short	Suit & Tie	Suit & Tie	0	2014	\N	\N	Comedy,Short
tt4128972	short	Phone N' Bone	Phone N' Bone	0	2014	\N	\N	Comedy,Short
tt4128976	short	Eternally Obvious	Eternally Obvious	0	\N	\N	\N	Fantasy,Short
tt4128980	short	Falling in Love	Falling in Love	0	2014	\N	7	Comedy,Romance,Short
tt4128988	short	Checking Under the Hood	Checking Under the Hood	0	2011	\N	\N	Short
tt4129038	short	Poor Decision Mob	Poor Decision Mob	0	2014	\N	\N	Comedy,Short
tt4129040	short	DJ FUBU Destroys VidCon	DJ FUBU Destroys VidCon	0	2014	\N	\N	Comedy,Short
tt4129052	short	Loyal	Loyal	0	2014	\N	\N	Comedy,Short
tt4129060	short	While the Unicorn Is Watching Me	While the Unicorn Is Watching Me	0	2014	\N	8	Fantasy,Short
tt4129062	short	Grazer	Grazer	0	1999	\N	30	Comedy,Romance,Short
tt4129064	short	Au bord de la rivière	Au bord de la rivière	0	2014	\N	22	Short
tt4129066	short	Fired on Call	Fired on Call	0	2014	\N	\N	Comedy,Short
tt4129068	short	Lazy Guy Guide: First Kisses	Lazy Guy Guide: First Kisses	0	2014	\N	\N	Comedy,Short
tt4129074	short	DJ FUBU Destroys Venice Beach	DJ FUBU Destroys Venice Beach	0	2014	\N	\N	Comedy,Short
tt4129076	short	Techgasm - Apple Watch	Techgasm - Apple Watch	0	2014	\N	\N	Comedy,Short
tt4129078	short	PedRant - InstaFood	PedRant - InstaFood	0	2014	\N	\N	Comedy,Short
tt4129082	short	Feed Pedro a Lifetime Supply of Tacos	Feed Pedro a Lifetime Supply of Tacos	0	2014	\N	\N	Comedy,Short
tt4129088	short	Aspects de la science-fiction	Aspects de la science-fiction	0	1966	\N	19	Documentary,Sci-Fi,Short
tt4129092	short	Le chalutier	Le chalutier	0	1965	\N	27	Documentary,Short
tt4129104	short	Marée basse	Marée basse	0	1960	\N	17	Documentary,Short
tt4129114	short	Le port de pêche	Le port de pêche	0	1965	\N	28	Documentary,Short
tt4129118	short	Le port de voyageurs	Le port de voyageurs	0	1966	\N	27	Documentary,Short
tt4129128	short	Le dernier feu d'artifice	Le dernier feu d'artifice	0	1960	\N	7	Animation,Sci-Fi,Short
tt4129152	short	Soir de fête	Soir de fête	0	1956	\N	5	Animation,Short
tt4129166	short	Surprise Boogie	Surprise Boogie	0	1957	\N	5	Animation,Music,Short
tt4129168	short	One Eyed Gypsy	One Eyed Gypsy	0	\N	\N	\N	Short
tt4129194	short	La jeune fille à l'étoile	La jeune fille à l'étoile	0	1960	\N	10	Animation,Short
tt4129200	short	Fantaisie sur quatre cordes	Fantaisie sur quatre cordes	0	1958	\N	3	Animation,Short
tt4129210	short	Tenpugumi	Tenpugumi	0	1911	\N	\N	Short
tt4129212	short	Drôles d'actualités	Drôles d'actualités	0	1959	\N	\N	Short
tt4129226	short	Tokugawa tenichibo	Tokugawa tenichibo	0	1911	\N	\N	Short
tt4129230	short	Un nommé Z	Un nommé Z	0	1961	\N	15	Comedy,Short
tt4129252	short	Tonchi no kodomo	Tonchi no kodomo	0	1911	\N	\N	Short
tt4129254	short	Nocturne Party	Nocturne Party	0	1961	\N	4	Animation,Short
tt4129264	short	Tonda hiroimono	Tonda hiroimono	0	1911	\N	\N	Short
tt4129274	short	Tonda yume	Tonda yume	0	1911	\N	\N	Short
tt4129276	short	Tonma dorobo	Tonma dorobo	0	1911	\N	\N	Short
tt4129284	short	Tonma na shafu	Tonma na shafu	0	1911	\N	\N	Short
tt4129288	short	Tonosama kanzaburo	Tonosama kanzaburo	0	1911	\N	\N	Short
tt4129290	short	Toyamazakura tenpo nikki	Toyamazakura tenpo nikki	0	1911	\N	\N	Short
tt4129292	short	Tsumi to tsumi	Tsumi to tsumi	0	1911	\N	\N	Short
tt4129296	short	Tsunagaru en	Tsunagaru en	0	1911	\N	\N	Short
tt4129298	short	Un amour de chat...	Un amour de chat...	0	1962	\N	7	Animation,Short
tt4129306	short	Uba arasoi	Uba arasoi	0	1911	\N	\N	Short
tt4129310	short	Ubagaike kofun ikkenya	Ubagaike kofun ikkenya	0	1911	\N	\N	Short
tt4129314	short	Ubasuteyamada mai no tsuki	Ubasuteyamada mai no tsuki	0	1911	\N	\N	Documentary,Short
tt4129322	short	Ukai no kansaku	Ukai no kansaku	0	1911	\N	\N	Short
tt4129326	short	Rondo - capriccioso	Rondo - capriccioso	0	2014	\N	13	Animation,Short
tt4129332	short	Stranded	Stranded	0	2009	\N	\N	Horror,Short
tt4129338	short	Cursed Forest 4	Cursed Forest 4	0	2004	\N	5	Action,Comedy,Horror
tt4129346	short	Ukiyo doko	Ukiyo doko	0	1911	\N	\N	Short
tt4129352	short	Uma nusutto	Uma nusutto	0	1911	\N	\N	Short
tt4129354	short	La main gantée	La main gantée	0	1963	\N	13	Comedy,Mystery,Short
tt4129356	short	Truck	Truck	0	2016	\N	18	Drama,Short,Thriller
tt4129362	short	Ume no tsukikage	Ume no tsukikage	0	1911	\N	\N	Short
tt4129366	short	Uso no shojiki	Uso no shojiki	0	1911	\N	\N	Short
tt4129370	short	Uwaki to kyôki	Uwaki to kyôki	0	1911	\N	\N	Short
tt4129374	short	Wada gassen	Wada gassen	0	1911	\N	\N	Short
tt4129376	short	Et que ça saute!	Et que ça saute!	0	1963	\N	6	Animation,Short
tt4129378	short	Waza kurabe	Waza kurabe	0	1911	\N	\N	Short
tt4129380	short	Coeur de tigre	Coeur de tigre	0	2014	\N	\N	Biography,Documentary,Short
tt4129394	short	Yaeyamabuki	Yaeyamabuki	0	1911	\N	\N	Short
tt4129398	short	Yagai kijo no jikkyô	Yagai kijo no jikkyô	0	1911	\N	\N	Documentary,Short
tt4129400	short	Space Dance	Space Dance	0	1967	\N	7	Animation,Sci-Fi,Short
tt4129404	short	Maryam	Maryam	0	2014	\N	17	Drama,Short
tt4129406	short	Yagura daiko	Yagura daiko	0	1911	\N	\N	Short
tt4129410	short	Yajikita abegawa	Yajikita abegawa	0	1911	\N	\N	Short
tt4129430	short	Daily Bread	Pat-Lehem	0	2014	\N	18	Drama,Short
tt4129434	short	Opération dodo	Opération dodo	0	1962	\N	15	Comedy,Short
tt4129438	short	Yakazu mukô	Yakazu mukô	0	1911	\N	\N	Short
tt4129444	short	Yakkai na moraimonô	Yakkai na moraimonô	0	1911	\N	\N	Short
tt4129450	short	MINI Motoring Challenge	MINI Motoring Challenge	0	2014	\N	\N	Action,Short
tt4129482	short	Yakko no koman onna kyokyaku	Yakko no koman onna kyokyaku	0	1911	\N	\N	Short
tt4129484	short	Yakko no kôman	Yakko no kôman	0	1911	\N	\N	Short
tt4129504	short	Yakusoku chigai	Yakusoku chigai	0	1911	\N	\N	Short
tt4129506	short	Yama no hito	Yama no hito	0	1911	\N	\N	Short
tt4129512	short	Yamadashi gonsuke	Yamadashi gonsuke	0	1911	\N	\N	Short
tt4129516	short	The Offer on the Table	The Offer on the Table	0	2014	\N	\N	Sci-Fi,Short
tt4129522	short	Projecture	Projecture	0	2011	\N	\N	Romance,Short
tt4129524	short	Leblos	Leblos	0	2008	\N	13	Drama,Short
tt4129526	short	Yamato gokoro ge	Yamato gokoro ge	0	1911	\N	\N	Short
tt4129532	short	Yamato gokoro jo	Yamato gokoro jo	0	1911	\N	\N	Short
tt4129536	short	Gelem	Gelem	0	2014	\N	12	Drama,Mystery,Short
tt4129538	short	The Puppet Masters	The Puppet Masters	0	\N	\N	\N	Drama,Short
tt4129554	short	Madame	Madame	0	2014	\N	\N	Musical,Short
tt4129556	short	Yami to hikari	Yami to hikari	0	1911	\N	\N	Short
tt4129566	short	DIEchotomy	DIEchotomy	0	2014	\N	10	Comedy,Short
tt4129572	short	O Jogo dos Jogos	O Jogo dos Jogos	0	\N	\N	1	Adventure,Animation,Short
tt4129578	short	La forêt des hommes rouges	La forêt des hommes rouges	0	1959	\N	21	Short
tt4129592	short	Super terapi!	Super terapi!	0	2015	\N	11	Comedy,Drama,Sci-Fi
tt4129660	short	The Show Mas Go On	The Show Mas Go On	0	2014	\N	30	Documentary,Short
tt4129662	short	The Mission	The Mission	0	2014	\N	7	Comedy,Short
tt4129668	short	Kryo	Kryo	0	2016	\N	30	Action,Drama,Mystery
tt4129676	short	Losing Patients	Losing Patients	0	2015	\N	\N	Comedy,Short
tt4129710	short	The Contract	The Contract	0	2015	\N	\N	Comedy,Short
tt4129712	short	The Owen Hart Foundation: A Look Back	The Owen Hart Foundation: A Look Back	0	2014	\N	19	Biography,Documentary,Short
tt4129736	short	Yamiro no kane	Yamiro no kane	0	1911	\N	\N	Short
tt4129740	short	Afterglow	Afterglow	0	2014	\N	12	Short,Sport
tt4129744	short	Jägare-Jörgens Jaktklubb	Jägare-Jörgens Jaktklubb	0	2014	\N	5	Comedy,Short
tt4129758	short	Grimace	Grimace	0	2014	\N	2	Comedy,Horror,Short
tt4129946	short	The Horrors of AutoCorrect	The Horrors of AutoCorrect	0	2014	\N	6	Comedy,Horror,Short
tt4129984	short	Art	Artã	0	2014	\N	19	Drama,Short
tt4129992	short	Grattis John	Grattis John	0	2009	\N	5	Drama,Short
